{
    "scaling_gbm": {
      "s_home": 0.9138416044385841,
      "s_away": 0.9949226606265762
    },
    "scaling_nn": {
      "s_home": 0.9801494432584886,
      "s_away": 1.020757921847275
    },
    "scaling_bayesian": {
      "s_home": 1.0659324116788895,
      "s_away": 0.8602488908172032
    },
    "ensemble": {
      "w_gbm": 0.4321824690492635,
      "w_nn": 0.33110992427728314,
      "w_bayesian": 0.23670760667345328
    },
    "dixon_coles": {
      "rho": -0.05
    },
    "min_ensemble_weight": 0.1
  }